S.No,Year,Company,Death Claims - Non ULIP,Death Claims - ULIP,Others - Non ULIP,Others - ULIP,Policy Servicing - Non ULIP,Policy Servicing - ULIP,Proposal Processing - Non ULIP,Proposal Processing - ULIP,Survival Claims - Non ULIP,Survival Claims - ULIP,Unfair Business Practices - Non ULIP,Unfair Business Practices - ULIP
1,2012_13,LIC,1913,98,15691,1364,30318,1948,4643,327,11645,1072,2478,60
2,2012_13,Aegon Life,21,1,48,1,320,197,122,19,36,29,5547,985
3,2012_13,Aviva,21,11,1274,233,765,354,275,125,283,230,4416,154
4,2012_13,Bajaj Allianz,1345,893,197,154,989,816,495,334,3869,3870,21549,196
5,2012_13,Bharti AXA,45,0,52,7,605,3,963,3,169,11,2375,2841
6,2012_13,Birla Sunlife,87,84,678,554,1122,1910,717,565,851,1632,14531,7120
7,2012_13,Canara HSBC,6,13,9,1,109,829,530,1700,6,23,394,1480
8,2012_13,DHFL Pramerica,9,2,33,13,29,25,67,19,4,0,775,50
9,2012_13,Edelweiss Tokio,0,0,1,0,1,1,7,2,0,0,47,1
10,2012_13,Future Generali,32,6,34,12,21,30,5181,1352,11,26,589,280
11,2012_13,HDFC Standard,153,230,860,420,2851,2525,3304,2191,1802,1899,20653,13160
12,2012_13,ICICI Prudential,36,30,262,84,225,261,539,229,272,65,13082,3809
13,2012_13,IDBI Federal,24,2,24,2,20,8,23,4,9,7,469,204
14,2012_13,IndiaFirst,26,0,6,1,85,13,216,19,28,3,762,0
15,2012_13,Kotak Mahindra,27,5,250,57,137,101,106,24,120,39,5091,2618
16,2012_13,Max Life,161,55,84,70,1342,1613,2464,1207,520,2232,4129,1841
17,2012_13,PNB MetLife,85,31,11,9,60,210,51,62,67,122,1354,1552
18,2012_13,Reliance,213,38,340,119,661,404,2267,254,548,285,14851,1550
19,2012_13,Sahara,5,1,0,1,3,2,2,1,6,1,5,1
20,2012_13,SBI Life,61,24,199,99,502,433,4972,2639,471,689,6263,2070
21,2012_13,Shri Ram,4,3,12,8,12,7,9,0,7,0,146,11
22,2012_13,Star Union Daiichi,0,4,12,13,29,47,20,15,9,43,77,147
1,2013_14,LIC,2176,68,16761,1144,39014,1433,4823,217,15194,989,2458,42
2,2013_14,Aegon Life,11,4,39,6,484,383,112,20,114,202,4517,930
3,2013_14,Aviva,31,5,407,85,1077,258,209,56,200,140,3619,81
4,2013_14,Bajaj Allianz,637,140,326,94,825,282,424,146,2753,940,43820,110
5,2013_14,Bharti AXA,23,0,85,11,608,6,847,1,182,4,2711,2614
6,2013_14,Birla Sunlife,296,41,2076,183,1446,498,852,169,1053,462,22264,1110
7,2013_14,Canara HSBC,4,15,3,1,119,803,384,958,10,128,377,1258
8,2013_14,DHFL Pramerica,36,4,32,7,38,16,117,12,15,47,1007,59
9,2013_14,Edelweiss Tokio,0,0,3,0,18,0,23,0,0,0,182,6
10,2013_14,Future Generali,18,10,4267,17,12,6,2554,991,17,24,3405,347
11,2013_14,HDFC Standard,173,125,655,286,1852,1416,1811,887,1946,942,28974,12698
12,2013_14,ICICI Prudential,114,86,327,50,115,46,192,46,214,29,14970,2740
13,2013_14,IDBI Federal,14,1,30,2,8,1,12,0,7,6,526,251
14,2013_14,IndiaFirst,47,5,14,1,122,29,127,13,120,19,932,13
15,2013_14,Kotak Mahindra,31,1,218,54,140,103,91,17,130,16,3008,2157
16,2013_14,Max Life,113,23,401,169,2255,3161,2477,1087,288,718,6390,2097
17,2013_14,PNB MetLife,112,33,9,4,122,255,83,67,53,144,1885,1407
18,2013_14,Reliance,448,90,471,63,497,382,1732,29,398,267,24222,1777
19,2013_14,Sahara,2,0,2,0,1,2,0,0,6,7,3,1
20,2013_14,SBI Life,74,15,186,77,636,400,3479,1255,535,888,6223,2062
21,2013_14,Shri Ram,11,0,26,15,9,6,15,1,12,4,171,11
22,2013_14,Star Union Daiichi,6,4,29,20,122,182,111,116,29,129,261,299
1,2014_15,LIC,1653,53,15741,940,39086,1182,4046,128,14267,796,2340,23
2,2014_15,Aegon Life,9,2,33,1,456,292,95,5,84,139,5441,335
3,2014_15,Aviva,25,1,120,39,805,99,128,40,110,51,2579,38
4,2014_15,Bajaj Allianz,100,8,180,60,365,52,165,20,750,121,17064,79
5,2014_15,Bharti AXA,22,0,75,17,334,4,364,11,198,3,2021,2398
6,2014_15,Birla Sunlife,207,25,1145,147,1281,359,613,76,824,291,17797,654
7,2014_15,Canara HSBC,5,10,1,0,210,892,510,868,11,301,498,987
8,2014_15,DHFL Pramerica,18,5,22,5,52,16,109,13,33,53,1197,66
9,2014_15,Edelweiss Tokio,3,0,2,0,25,0,144,1,0,0,329,10
10,2014_15,Future Generali,32,10,271,13,16,8,977,258,50,30,3472,245
11,2014_15,HDFC Standard,315,62,421,136,1136,512,1328,455,1367,518,20377,5320
12,2014_15,ICICI Prudential,128,36,226,29,95,25,106,8,219,24,8187,2401
13,2014_15,IDBI Federal,21,0,13,2,8,0,12,0,18,3,547,147
14,2014_15,IndiaFirst,26,1,12,0,110,19,48,5,99,22,921,7
15,2014_15,Kotak Mahindra,74,3,172,52,188,102,82,17,95,22,2486,1219
16,2014_15,Max Life,187,31,446,136,1316,1337,2560,1247,672,266,6647,1614
17,2014_15,PNB MetLife,78,18,14,2,293,301,107,142,225,422,2267,742
18,2014_15,Reliance,382,73,708,106,852,319,1097,54,720,407,18829,1070
19,2014_15,Sahara,3,0,3,0,0,1,0,0,9,4,6,1
20,2014_15,SBI Life,127,23,219,68,612,318,2955,987,569,485,4647,1118
21,2014_15,Shri Ram,16,0,17,1,7,2,14,3,13,3,153,3
22,2014_15,Star Union Daiichi,11,7,33,16,307,429,106,91,78,421,385,401
1,2015_16,LIC,1694,29,12963,584,31015,850,3128,104,11374,491,1851,40
2,2015_16,Aegon Life,9,0,66,1,406,82,169,2,255,113,7401,85
3,2015_16,Aviva,31,3,127,26,726,85,114,29,76,22,1921,6
4,2015_16,Bajaj Allianz,128,1,170,19,352,21,157,10,736,58,12174,8
5,2015_16,Bharti AXA,25,0,92,6,163,1,209,0,102,1,1373,2596
6,2015_16,Birla Sunlife,94,5,520,85,899,224,362,33,649,211,8880,328
7,2015_16,Canara HSBC,2,16,0,0,211,440,284,392,3,406,379,833
8,2015_16,DHFL Pramerica,7,2,49,3,63,12,101,13,27,12,1019,64
9,2015_16,Edelweiss Tokio,2,0,10,0,47,0,175,0,1,0,387,1
10,2015_16,Future Generali,47,21,89,28,66,50,584,144,84,74,5620,345
11,2015_16,HDFC Standard,101,13,266,29,315,60,792,60,475,72,8085,1198
12,2015_16,ICICI Prudential,109,21,368,16,90,21,90,2,244,49,6459,1100
13,2015_16,IDBI Federal,30,1,24,1,7,0,25,0,18,1,581,162
14,2015_16,IndiaFirst,57,1,14,0,126,32,52,9,144,46,1389,0
15,2015_16,Kotak Mahindra,47,3,244,31,196,70,179,21,95,10,1917,569
16,2015_16,Max Life,139,10,396,101,1118,940,1763,635,606,280,7081,1050
17,2015_16,PNB MetLife,91,13,19,2,259,159,551,154,195,227,1813,815
18,2015_16,Reliance,233,39,322,28,1184,250,847,65,793,511,9175,445
19,2015_16,Sahara,4,0,3,0,3,1,0,0,19,3,2,0
20,2015_16,SBI Life,159,19,175,46,696,313,2114,1032,683,255,2909,932
21,2015_16,Shri Ram,23,0,36,2,14,0,18,0,17,4,141,1
22,2015_16,Star Union Daiichi,19,4,14,8,262,193,103,54,125,162,563,309
1,2016_17,LIC,1569,18,4467,200,13586,269,1503,72,7370,265,1044,171
2,2016_17,Aegon Life,5,0,66,3,363,15,104,0,278,9,3392,18
3,2016_17,Aviva,15,1,85,24,746,33,58,15,72,4,1383,9
4,2016_17,Bajaj Allianz,50,2,174,25,68,22,40,5,281,18,3262,16
5,2016_17,Bharti AXA,32,0,138,21,92,8,85,0,61,1,1401,2634
6,2016_17,Birla Sunlife,71,22,265,49,674,208,500,93,377,246,3419,317
7,2016_17,Canara HSBC,2,14,9,1,19,105,6,21,3,68,156,541
8,2016_17,DHFL Pramerica,8,0,68,1,35,8,228,10,45,9,1010,48
9,2016_17,Edelweiss Tokio,8,0,26,0,92,0,143,0,4,0,722,2
10,2016_17,Future Generali,42,19,89,31,92,38,195,17,104,74,4025,249
11,2016_17,HDFC Standard,170,47,189,4,365,86,551,71,533,176,5770,618
12,2016_17,ICICI Prudential,66,6,487,34,86,25,127,5,213,58,4904,448
13,2016_17,IDBI Federal,26,0,23,3,16,1,30,4,12,2,476,69
14,2016_17,IndiaFirst,112,3,16,3,126,62,39,1,94,38,1458,1
15,2016_17,Kotak Mahindra,70,2,226,24,507,165,262,50,113,43,1906,329
16,2016_17,Max Life,117,14,286,42,523,363,715,194,297,116,5113,1002
17,2016_17,PNB MetLife,73,10,38,1,341,162,462,32,218,132,2298,568
18,2016_17,Reliance,109,18,190,15,334,49,686,52,715,247,2380,111
19,2016_17,Sahara,2,0,2,1,5,2,1,0,12,3,2,1
20,2016_17,SBI Life,149,12,241,31,783,277,1680,962,721,228,2334,706
21,2016_17,Shri Ram,29,1,43,2,6,3,21,0,20,15,235,3
22,2016_17,Star Union Daiichi,32,4,47,11,143,98,167,35,80,78,834,265
1,2017_18,LIC,1765,27,22540,1027,31627,951,3002,84,12179,654,2733,175
2,2017_18,Aegon Life,6,0,47,2,169,0,69,0,18,1,1449,1
3,2017_18,Aviva,7,1,42,2,902,25,64,11,86,8,1095,7
4,2017_18,Bajaj Allianz,51,2,216,48,83,12,56,16,229,26,2633,27
5,2017_18,Bharti AXA,27,0,164,3,109,1,60,0,28,1,1281,2401
6,2017_18,Birla Sunlife,151,33,314,266,1042,677,737,315,329,739,1492,401
7,2017_18,Canara HSBC,6,15,25,1,11,30,13,15,7,20,237,279
8,2017_18,DHFL Pramerica,15,0,48,2,63,5,183,13,40,4,1152,61
9,2017_18,Edelweiss Tokio,0,0,10,0,14,0,13,0,3,0,281,2
10,2017_18,Future Generali,24,2,91,17,40,6,161,17,72,39,3825,146
11,2017_18,HDFC Standard,150,45,128,28,186,57,309,53,564,296,4765,604
12,2017_18,ICICI Prudential,85,6,462,44,156,28,189,22,185,104,5685,453
13,2017_18,IDBI Federal,18,0,29,0,12,1,49,8,26,8,490,95
14,2017_18,IndiaFirst,132,9,24,0,167,50,56,9,70,32,2378,255
15,2017_18,Kotak Mahindra,38,2,231,12,444,61,300,38,48,36,1880,280
16,2017_18,Max Life,149,10,267,30,170,59,110,13,98,44,3933,658
17,2017_18,PNB MetLife,75,4,48,2,276,81,591,17,202,38,2507,364
18,2017_18,Reliance,38,2,121,6,18,0,354,26,71,14,944,19
19,2017_18,Sahara,4,0,9,1,10,1,2,0,33,17,3,0
20,2017_18,SBI Life,155,16,202,60,685,259,1838,1498,579,208,1443,646
21,2017_18,Shri Ram,27,1,42,0,17,0,21,1,12,4,274,7
22,2017_18,Star Union Daiichi,44,7,38,11,207,56,284,66,157,194,1258,230
1,2018_19,LIC,2507,40,26490,1386,40693,1250,3174,118,19844,1749,3937,339
2,2018_19,Aegon Life,4,0,66,0,115,0,40,0,18,1,801,3
3,2018_19,Aviva,9,0,35,4,778,16,62,9,71,9,1061,4
4,2018_19,Bajaj Allianz,102,2,244,33,42,8,45,4,145,9,1615,9
5,2018_19,Bharti AXA,16,1,226,4,101,2,65,0,49,4,1954,3857
6,2018_19,Birla Sunlife,62,8,191,39,231,113,251,76,145,151,1247,374
7,2018_19,Canara HSBC,14,15,30,1,22,22,30,12,10,21,312,213
8,2018_19,DHFL Pramerica,9,0,72,0,27,2,98,8,15,0,712,29
9,2018_19,Edelweiss Tokio,5,0,8,0,21,0,41,0,10,1,351,1
10,2018_19,Future Generali,30,3,90,14,33,13,74,10,24,16,3643,181
11,2018_19,HDFC Standard,92,23,173,47,76,34,149,37,232,88,4346,722
12,2018_19,ICICI Prudential,61,6,471,26,164,39,128,97,164,37,4869,150
13,2018_19,IDBI Federal,16,0,23,1,16,4,43,4,17,0,548,107
14,2018_19,IndiaFirst,48,1,32,5,121,21,45,2,66,16,2540,174
15,2018_19,Kotak Mahindra,18,0,155,3,38,5,23,3,28,2,439,205
16,2018_19,Max Life,188,10,321,14,91,17,89,17,94,24,2579,592
17,2018_19,PNB MetLife,51,3,93,1,232,37,544,3,102,14,2144,331
18,2018_19,Reliance,23,0,107,7,19,1,583,51,101,9,1136,14
19,2018_19,Sahara,5,0,13,0,16,5,0,0,34,35,1,0
20,2018_19,SBI Life,101,12,342,134,337,170,858,578,357,133,954,638
21,2018_19,Shri Ram,27,0,59,1,7,0,13,1,23,2,417,25
22,2018_19,Star Union Daiichi,36,3,37,7,180,50,101,28,82,89,1163,269
1,2019_20,LIC,3492,55,24026,1085,46990,1230,4229,94,25756,756,3740,254
2,2019_20,Aegon Life,5,0,46,1,55,0,10,0,15,0,671,3
3,2019_20,Aviva,20,0,47,7,522,19,67,1,102,9,959,7
4,2019_20,Bajaj Allianz,58,0,192,19,54,3,55,4,88,6,1072,9
5,2019_20,Bharti AXA,19,0,265,4,64,0,78,0,52,2,2361,6997
6,2019_20,Birla Sunlife,34,5,157,37,203,82,186,51,113,165,1499,458
7,2019_20,Canara HSBC,19,11,31,1,15,21,34,59,10,19,388,284
8,2019_20,DHFL Pramerica,3,0,35,0,16,0,32,0,7,0,492,1
9,2019_20,Edelweiss Tokio,13,1,45,13,21,11,66,2,10,14,2541,185
10,2019_20,Future Generali,89,23,261,44,110,30,153,29,169,55,2816,441
11,2019_20,HDFC Standard,44,3,424,7,153,9,109,0,152,54,2544,98
12,2019_20,ICICI Prudential,12,1,20,0,48,4,51,4,75,34,342,68
13,2019_20,IDBI Federal,23,2,48,6,38,9,32,4,47,5,2105,155
14,2019_20,IndiaFirst,25,0,160,3,22,0,12,3,26,4,699,180
15,2019_20,Kotak Mahindra,140,17,370,6,47,11,62,4,88,3,1868,432
16,2019_20,Max Life,39,2,186,3,104,12,591,1,97,8,991,100
17,2019_20,PNB MetLife,13,0,78,9,9,1,24,2,13,2,332,19
18,2019_20,Reliance,29,0,116,2,37,0,516,43,77,3,1333,14
19,2019_20,Sahara,3,0,8,0,22,0,1,0,34,14,2,0
20,2019_20,SBI Life,65,10,261,58,128,66,1174,933,216,62,705,612
21,2019_20,Shri Ram,14,0,63,2,33,2,31,0,36,3,326,13
22,2019_20,Star Union Daiichi,23,1,39,8,179,42,30,3,58,34,1033,315
